"","x"
"big-data",3627
"data-analytics",2625
"big-data-analytics",1840
"data-visualization",1831
"machine-learning",1721
"data-science",1639
"predictive-analytics",1633
"data-mining",1446
"opensource",1369
"softwaredev",1260
"newtech",1234
"cloud-computing",1123
"hadoop",1093
"businessintell",1021
"computer-programming",933
"nosql",870
"datamanagement",731
"technology",624
"business-analytics",579
"web-development",556
"web",550
"high-scalability-computing",489
"python",482
"mapreduce",477
"databasepro",464
"entrepreneurship",429
"technology-startups",420
"startup-businesses",418
"database-development",345
"leveraging-big-data",311
"mobile-development",304
"professional-networking",279
"javascript",253
"applied-statistics",252
"mobile-technology",247
"saas-software-as-a-service",247
"business-strategy",243
"java",235
"computer-science",228
"analytics",219
"robotics",213
"virtualization",206
"data",204
"r-project-for-statistical-computing",199
"edtech",194
"iaas-infrastructure-as-a-service",193
"mongodb",191
"internetpro",190
"open-data",184
"internet-of-things",180
"user-experience",176
"web-analytics",170
"business-intelligence-best-practices",166
"apache-spark",161
"data-warehouses",160
"information-technology",160
"devops",157
"paas",155
"online-marketing",150
"data-warehousing",144
"innovation",144
"etl",142
"natural-language-processing",142
"data-analysis-and-modeling",137
"functional-programming",135
"sql",134
"big-data-for-social-media",131
"ios-development",129
"deep-learning",125
"technology-professionals",125
"finance",122
"hacking",122
"apache",120
"text-analytics",120
"ux-design",120
"software-engineering",118
"android-developers",116
"statistical-computing",115
"linux",113
"whats-new-with-big-data",113
"agile-project-management",111
"marketing",111
"internet-startups",110
"3d-printing",109
"artificial-intelligence-applications",109
"distributed-systems",106
"openstack",106
"algorithms",104
"cassandra",102
"data-center-and-operations-automation",102
"html5",102
"statistics-and-data-analysis",102
"ixd",100
"r-users-group",100
"social-media-marketing",98
"venture-capital",96
"healthcare-innovation",94
"php",94
"quantitative-analysis",93
"it-professionals",91
"makers",89
"mysql",89
"sqlserver",89
"bigdata",88
"hbase",88
"real-time-analytics",88
"social-media",87
"machine-intelligence",84
"open-government",84
"data-scientist",83
"prodev",83
"programming-languages",81
"hive",80
"quantitative-finance",80
"social-media-analytics",79
"amazon-web-services",77
"linked-data",75
"civic-engagement-technology",74
"webdesign",74
"scala",73
"socialnetwork",73
"biotechnology",72
"data-analysis",72
"lean-startup",71
"seo-search-engine-optimization",71
"high-performance-computing",70
"neural-networks",70
"nonprofit",70
"operations-and-data-center-management",70
"learning",69
"business-intelligence-data-warehousing",68
"docker",68
"healthcare-big-data",68
"bigdatadevelopers",66
"financial-technology",66
"graph-databases",66
"predictive-modeling",66
"transhumanism",66
"civic-engagement",64
"hadoop-analytics",64
"healthcare-it",64
"quants",64
"bioinformatics",63
"digital-marketing",62
"ruby",62
"ruby-on-rails",62
"apache-hadoop",61
"bitcoin",61
"business-intelligence-strategy",61
"cloud-security",61
"cognitive-science",61
"artificial-intelligence-programming",60
"d3-js",60
"spark",60
"user-research",59
"visualization",59
"computer-vision",58
"enterprise-search",58
"information-technology-in-business",58
"neuroscience",58
"self-improvement",58
"oracle",57
"advanced-analytics",56
"algorithmic-trading",56
"semweb",56
"business-intelligence-tools-and-technology",55
"data-integration",55
"pig-and-hadoop",55
"continuous-delivery",54
"nodejs",54
"big-data-developers",53
"business-entrepreneur-networking",53
"new-york-city",53
"graph-theory",52
"ibm",52
"apache-kafka",51
"fintech",51
"infographics",51
"mobile-user-experience",51
"social-impact",51
"mathematics",50
"science",50
"trading",50
"wearable-technologies",50
"angel-investors",49
"cms",49
"computer-security",49
"cybersecurity",49
"mobile-analytics",49
"open-source-analytics",49
"reporting",49
"economics",48
"education",48
"future",48
"google-analytics",48
"internet-ecommerce",48
"microcontroller",48
"stream-processing",48
"projectmgmt",47
"using-hadoop-in-the-cloud",47
"infrastructure-as-code",46
"life-sciences",46
"nanotechnology",46
"cloud-computing-security",45
"m2m",44
"neo4j",44
"sysadmin",44
"digital-media",43
"financialeng",43
"investing",43
"data-governance",42
"hardware",42
"marketing-analytics",42
"virtual-reality",42
"volunteering",42
"advertising",41
"clojure",41
"apis",40
"community-service",40
"configuration-management",40
"data-quality",40
"django",40
"elasticsearch",40
"graphicdesign",40
"information-security",40
"search-engine-marketing",40
"agile-data-warehousing-and-business-intelligence",39
"matlab",39
"network-security",39
"search-engines",39
"to-promote-r-for-big-data-analytics",39
"trading-with-automated-trading-systems",39
"apache-pig",38
"arduino",38
"business-analysis",38
"css",38
"medical-device-technology",38
"social-innovation",38
"witi",38
"database-design-development",37
"network-engineering",37
"newmedia",37
"oracle-big-data-appliance",37
"statistical-modeling",37
"stock-trading",37
"data-science-using-python",36
"distributed-computing",36
"webstandards",36
"women-entrepreneurs",36
"collaboration",35
"angularjs",34
"code-for-america",34
"politics",34
"product-management",34
"quantified-self",34
"rdf",34
"automated-trading-strategies",33
"engineering",33
"localpolitics",33
"master-data-management",33
"online-advertising",33
"solr",33
"technical-analysis",33
"web-performance",33
"apache-lucene-and-solr-open-source-search",32
"data-center-networking-and-design",32
"federated-discovery-of-big-data",32
"healthcare-professionals",32
"intellectual-discussion",32
"knowledge-management",32
"microsoft-excel",32
"parallel-programming",32
"productdesign",32
"ria",32
"search-information-retrieval",32
"splunk",32
"sustainability",32
"usability",32
"artificial-intelligence-machine-learning-robotics",31
"cloud-storage",31
"data-storage",31
"iot",31
"olap",31
"open-source-python",31
"psychology",31
"social-media-for-business",31
"application-performance-management",30
"augmented-reality",30
"bayesian-statistics",30
"business-process-management",30
"cloud-computing-how-to-use-it-for-your-business",30
"community-building",30
"couchbase",30
"database-integration-migrations",30
"diy",30
"erlang-programming",30
"health-2-0",30
"information-dashboard",30
"information-visualization",30
"javascript-frameworks",30
"marketing-strategy",30
"microsft",30
"mobile-app-development",30
"netezza",30
"professional-women",30
"riak",30
"scientific-computing",30
"socially-responsible-business",30
"stream-computing",30
"system-integration",30
"content-management",29
"data-warehouse",29
"ethereum",29
"julia",29
"marklogic",29
"marklogic-server",29
"sdn",29
"social",29
"social-coding",29
"xquery",29
"xslt",29
"ecommerce-technology",28
"financial-services",28
"instructional-design",28
"qlikview",28
"social-entrepreneurship",28
"business-intelligence-in-cloud",27
"healthcare-technology",27
"hedge-fund",27
"makerspaces",27
"activism",26
"automation",26
"civic-hacking",26
"cognitive-neuroscience",26
"data-modeling",26
"digital-marketing-strategy",26
"drones",26
"life-extension",26
"math",26
"networking-with-hr-professionals",26
"technological-singularity",26
"apache-flink",25
"blockchain",25
"computational-science-and-engineering",25
"front-end-development",25
"json",25
"sas",25
"using-mongodb-in-the-cloud",25
"cognos",24
"content-strategy",24
"cryptocurrency",24
"energy",24
"it-infrastructure",24
"lotico",24
"microstrategy",24
"microstrategy-mobile-applications",24
"new-product-development-software-tech",24
"pittsburgh-area",24
"recruiting",24
"stocks-and-options",24
"tableau-software",24
"unstructured-data",24
"user-group",24
"enterprise-data",23
"journalism",23
"smart-sensors",23
"apache-hive",22
"business-referral-networking",22
"code-for-america-brigade",22
"computational-biology",22
"dotnet",22
"electronics",22
"excel",22
"growth-hacking",22
"information-science",22
"kinect",22
"lampsoftware",22
"lucene-solr-nutch-mahout-and-open-source-search",22
"media",22
"network-architecture",22
"recruiting-and-hiring",22
"sales",22
"software-defined-networking",22
"spreadsheets",22
"sql-server-analysis-services",22
"vertica",22
"web-application-security",22
"web-of-data",22
"data-journalism",21
"digital-marketing-analytics",21
"digital-publishing",21
"e-commerce-business",21
"ecommerce-marketing",21
"fitness",21
"futureofnews",21
"python-web-development",21
"study-group",21
"visual-communication",21
"3d-modeling",20
"a-b-testing",20
"accounting",20
"art-collecting",20
"art-collective",20
"art-collectors",20
"art-galleries",20
"boston-artists",20
"brain",20
"ciscosystems",20
"cloud-computing-strategies-and-roadmaps",20
"cognos-tm1",20
"columnar-databases",20
"computer",20
"computer-networking",20
"contemporary-art",20
"content-storage",20
"crm",20
"culture",20
"curating-and-galleries",20
"data-computing",20
"data-profiling",20
"disruptive-innovation",20
"excel-powerpivot",20
"financial-modeling",20
"financial-services-industry",20
"for-profits-business-works-with-non-profit-causes",20
"game-analytics",20
"google-cloud-platform",20
"gpu-programming",20
"hdfs",20
"helping-social-enterprises",20
"information-design",20
"information-retrieval",20
"insprofs",20
"it-infrastructure-architecture",20
"job-search",20
"knowledge-sharing",20
"learn-python-the-hard-way",20
"library",20
"map-reduce",20
"marketing-automation",20
"microstrategy-dashboards",20
"microstrategy-development",20
"mobile-health",20
"mobile-marketing",20
"new-media-and-interactive-design",20
"nonprofit-technology",20
"open-source-frameworks",20
"operations-research",20
"oracle-application-business-solutions",20
"oracle-data-integrator",20
"performance-measurement",20
"platform-as-a-service",20
"postgresql",20
"scalability",20
"semantic-technologies",20
"software-architecture",20
"statistical-consulting",20
"statistical-programming",20
"storage",20
"streams",20
"text-mining",20
"web-new-technology",20
"brain-health",19
"cognitive-computing",19
"digital-health",19
"non-profit-organizations",19
"tableau",19
"web-application-development",19
"xml",19
"apache-apex",18
"commercial-real-estate",18
"enterprise-software",18
"future-of-journalism",18
"government",18
"industrial-internet-of-things",18
"journo",18
"product-development",18
"quality-assurance",18
"sensors",18
"sql-server-azure",18
"sql-server-integration-services",18
"stategic-hr",18
"apache-hbase",17
"apache-storm",17
"baseball",17
"cascading",17
"data-vault-database-modeling",17
"hadoop-integration",17
"lawtech",17
"pentaho",17
"telecommunications",17
"algorithms-and-computational-theory",16
"alternativeenergy",16
"brain-computer-interface",16
"cleanweb",16
"content-strategy-and-seo",16
"critical-thinking",16
"email-campaign-marketing",16
"emerging-robotic-technologies",16
"emerging-technologies",16
"finance-professionals",16
"financial-innovation",16
"getting-started-with-python",16
"hackathon",16
"inbound-marketing",16
"infrastructure",16
"internet-technology-professionals-startups",16
"jvm-languages",16
"lead-generation",16
"microsoft-technology",16
"mswindows",16
"newintown",16
"paas-platform-as-a-service",16
"pharmaceutical-sciences",16
"python-linux-devop",16
"renewable-energy",16
"sql-server-reporting-services",16
"startup-incubation-and-entrepreneurship-mentors",16
"sustainable-energy",16
"video-streaming",16
"women-in-tech",16
"yarn",16
"young-professionals",16
"agile-programming-and-python",15
"bayesian-probability",15
"bluemix",15
"boston",15
"crowdsourcing",15
"digitalart",15
"federal-government-contractors",15
"personal-development",15
"visual-thinking",15
"apache-samza",14
"azure",14
"chemistry",14
"cryptography",14
"data-architecture",14
"digital-marketing-professionals",14
"e-commerce-internet-marketing",14
"high-frequency-trading",14
"installation",14
"leadership",14
"linux-server",14
"monitoring",14
"philosophy",14
"red-hat-enterprise-linux-rhel",14
"servers",14
"skeptics",14
"small-business-marketing-strategy",14
"user-experience-design",14
"biotech-medical",13
"daytraders",13
"jaspersoft-jasperserver",13
"redis",13
"space",13
"technical-recruiting",13
"telecom",13
"telecom-wireless-entrepreneurs",13
"tibco-spotfire",13
"assistive-technology",12
"baltimore",12
"big-data-ingestion",12
"biology",12
"building-private-cloud-with-openstack",12
"cognitive-systems",12
"computer-training",12
"continuous-integration",12
"csharp",12
"digital-access",12
"dogecoin",12
"e-learning",12
"embedded-systems",12
"excel-2010",12
"genetics",12
"genomics",12
"google-developer-group",12
"hardware-hacks-gadgeteering",12
"hardware-startups",12
"health-informatics",12
"internet-advertising-and-marketing",12
"itexec",12
"linked-data-user-experience",12
"litecoin",12
"logfile-management",12
"logic",12
"maidsafe",12
"manuf",12
"mastercoin",12
"neo4j-social",12
"networkmarket",12
"nyc",12
"ontology",12
"open-source-hardware",12
"opencv",12
"openshift",12
"permacoin",12
"pharmaceutical-industry",12
"political-activism",12
"powerpivot",12
"public-policy",12
"semantic-social-networks",12
"unmanned-vehicles",12
"vertica-systems",12
"web-3-0",12
"web-and-technology-startups",12
"web-ontology-language",12
"web-operations",12
"webcomm",12
"wellness",12
"applied-cognitive-science",11
"art-technology",11
"bookclub",11
"environment",11
"health-information-technology",11
"healthcare-startups",11
"hyperion",11
"identity-and-access-management",11
"music-production",11
"obiee",11
"oracle-e-business-suite",11
"oracle-epm",11
"oracle-essbase",11
"oracle-weblogic",11
"peoplesoft-enterprise-software",11
"researchers",11
"sealliance",11
"seed-funding",11
"siebel",11
"social-crm",11
"social-justice",11
"20s-30s-social",10
"3d-gaming",10
"accountsoftware",10
"activity-monitors-and-devices",10
"adtech",10
"advertising-technology",10
"african-american",10
"african-culture",10
"alternative-investments",10
"analysis",10
"apache-mesos",10
"api-documentation",10
"appdynamics",10
"application-development",10
"applied-research",10
"architecture",10
"arduino-and-robotics",10
"art-and-the-internet",10
"art-museums",10
"attivio",10
"audit",10
"authentication",10
"auto-insurance",10
"automotive",10
"autonomous-robots",10
"aws-programming-and-tools",10
"aws-s3",10
"b2b",10
"b2b-content-marketing",10
"b2b-marketing",10
"baseball-at-a-sports-bar",10
"beer",10
"behavior-change",10
"behavioral-economics",10
"behavioral-mental-health",10
"behavioral-psychology",10
"behavioral-science",10
"big-data-hadoop",10
"bing",10
"biological-engineering",10
"blackbiz",10
"bootstrap",10
"breakfast",10
"bring-angel-investors-and-startups-together",10
"budgeting-and-planning",10
"building-an-online-business",10
"business-architecture",10
"business-development-and-strategic-planning",10
"business-model-generation",10
"business-process",10
"business-process-improvement",10
"business-process-improvement-consultant",10
"c-level-tech",10
"cad-cam",10
"cancer",10
"cancer-fighters",10
"cancer-trials-research",10
"capacity-planning",10
"careers-for-greater-social-impact",10
"cars",10
"ccna-ccnp-ccda-ccdp-ccvp-ccsp-ccip-ccie-ccde",10
"ceo",10
"ceph",10
"change-leadership",10
"charity",10
"chart-analysis",10
"cio-cto",10
"citizen-journalism",10
"clean-tech",10
"cleantech-and-information-technology",10
"clinical-trial",10
"cloud-analytics",10
"cloud-infrastructure",10
"cloud-integration",10
"cloud-networking",10
"cloudera",10
"collaboration-between-creative-minds",10
"college-students",10
"communication",10
"community-outreach",10
"communityorg",10
"comptutor",10
"computer-geeks",10
"concurrent-programming",10
"connected-cars",10
"contemporary-artists",10
"content-delivery",10
"copyright",10
"corporate-learning",10
"cpa",10
"cpa-marketing",10
"creating-amazon-cloud-applications",10
"cross-platform-development",10
"crowd-funding",10
"cultural-diversity",10
"culture-exchange",10
"currency-trading",10
"customer-experience-management",10
"customer-relationship-management",10
"data-center-colocation",10
"data-collection-and-entry",10
"data-mapping",10
"data-portability",10
"data-structures",10
"decision-tools-and-processes",10
"developer-evangelism",10
"digital-humanities",10
"digital-libraries",10
"digital-medicine",10
"digitalid",10
"digitalrights",10
"diningout",10
"distributed-programming",10
"distributed-programming-in-java",10
"distributed-scala-programming",10
"diverse-socializing-race-diversity",10
"diybio",10
"dns",10
"drupal",10
"ec2",10
"ediscovery",10
"effective-inventory-management",10
"egovernment",10
"electrical-engineering",10
"emergency-preparedness",10
"energy-efficiency",10
"enterpreneurs",10
"enterprise-business-architecture",10
"enterprise-performance-management",10
"entrepreneur-futurists",10
"eprivacy",10
"ethical-hacker",10
"ethics",10
"evaluation",10
"executive-business-consulting-with-cfo-analytics",10
"executive-forum",10
"expatbang",10
"fashion-retailer",10
"fast-esp",10
"fault-tolerance",10
"female-entrepreneurs",10
"financial-education",10
"financial-forecasting",10
"foresight",10
"forex-algorithmic-trading",10
"forextrading",10
"functional-programming-in-python",10
"future-life-progression",10
"future-vision",10
"futures-trading",10
"gay",10
"gemfire",10
"geometry",10
"geospatial",10
"girlsintech",10
"git",10
"gluster",10
"golfing",10
"google",10
"google-adwords",10
"google-analytics-discussion",10
"graphology",10
"green-technology",10
"greenplum",10
"gui",10
"happiness",10
"happy-hours",10
"haskell",10
"hawq",10
"health-care-technology",10
"health-it-professional",10
"healthcare",10
"healthcare-solutions",10
"healthins",10
"healthpros",10
"healthy-living",10
"how-to-implement-sap-hana",10
"hpc-programming",10
"human-computer-interaction",10
"humanrights",10
"ibm-power-users",10
"impact-investing",10
"impala",10
"in-memory-database",10
"information-analytics",10
"information-data",10
"information-gathering-web-crawling",10
"information-technology-in-organizations",10
"information-technology-in-sport",10
"information-theory",10
"insurance",10
"insurance-agents",10
"interactive-analytics",10
"interactive-design",10
"interest-graphs",10
"intern",10
"ios",10
"javascript-applications",10
"jewish",10
"juniper-networks",10
"language-exchange",10
"latino-culture",10
"law",10
"learning-organizations",10
"lgbt-social-group",10
"liberty-freedom-transparency-accountability",10
"life-insurance",10
"life-science-commercialization",10
"linguistic",10
"lisp",10
"live-theatre",10
"livemusic",10
"logistics",10
"low-latency",10
"lua-programming",10
"major-league-baseball",10
"mapping",10
"mariadb",10
"massively-parallel-processing-databases",10
"mechanical-engineering",10
"medical-devices",10
"medical-research",10
"memcached",10
"mentoring-someone",10
"message-broker",10
"meteor",10
"mhealth",10
"microsoft-access",10
"microsoft-dynamics-business-solutions",10
"microsoft-dynamics-crm",10
"microstrategy-best-practices",10
"mlb",10
"mlb-baseball",10
"mobile-devices",10
"mobile-visual-search",10
"mobility",10
"montypython",10
"multicore",10
"museums-galleries",10
"musicians",10
"natural-user-interface",10
"network-design",10
"network-technology",10
"networking-for-nonprofits",10
"new-clinical-technologies",10
"new-relic",10
"new-york",10
"news-analytics",10
"newsql",10
"numerical-analysis",10
"oauth",10
"ona",10
"open-source-cloud",10
"open-source-content-management",10
"opencl",10
"openid",10
"openstack-quantum",10
"operational-intelligence",10
"operations-management",10
"opscode-chef",10
"options-trading",10
"performance-engineering",10
"performance-training",10
"personal-data-locker",10
"personal-finance",10
"personal-privacy-issues",10
"php-framework",10
"physical-computing",10
"pizza",10
"pl-python",10
"play-framework",10
"postgres",10
"pragmatic-software-development",10
"private-cloud",10
"professional-ethics",10
"professional-services",10
"professionals-of-information-technology",10
"program-evaluation",10
"program-management",10
"project-vrm",10
"quantitative-trading",10
"r-programming-language",10
"rabbitmq",10
"real-estate",10
"real-estate-investing",10
"real-estate-investment-education",10
"real-estate-networking",10
"real-estate-technology",10
"real-time-internet",10
"real-time-systems",10
"real-time-web",10
"realestateagent",10
"redhat",10
"reports-analytics",10
"risk",10
"risk-management",10
"ruby-on-rails-testing",10
"running",10
"sales-engineering",10
"sales-software",10
"sap-hana-technology",10
"scala-akka",10
"science-education",10
"scrum",10
"self-reliance",10
"service-bus",10
"service-oriented-architectures",10
"share-best-practices-in-analytics",10
"single-page-applications",10
"singularity",10
"small-business-online-marketing",10
"small-business-owners",10
"small-business-technology",10
"small-medium-business",10
"smart-contracts",10
"social-media-for-social-change",10
"social-network-analysis",10
"socially-environmentally-responsible-investing",10
"software-design",10
"software-security",10
"solution-architecture",10
"solutions-powered-by-sap-hana",10
"spatial-data",10
"sport-technology",10
"sports",10
"sports-performance",10
"sports-technology",10
"sportsfans",10
"spring-xd",10
"spss",10
"sql-on-hadoop",10
"ssds",10
"stanford-artificial-intelligence-course-cs-221",10
"statistical-education",10
"stock-investing",10
"storage-solutions",10
"strategic-planning",10
"strategy",10
"swing-traders",10
"symfony",10
"synthetic-biology",10
"tachyon",10
"talent-management",10
"tech-talks",10
"technology-security-audits",10
"tedx",10
"the-art-of-business-negotiations",10
"threat-analysis",10
"time-series-analysis",10
"transparency",10
"twitter",10
"typescript",10
"uav",10
"ui-ux-design",10
"user-experience-optimization",10
"using-technology-to-scale-your-business",10
"video-performance-analysis",10
"virtual-worlds",10
"visual-search",10
"volumetric",10
"watching-mlb-games",10
"web-based-r-reporting",10
"what-is-sap-hana",10
"why-use-sap-hana",10
"women-connecting-with-women",10
"women-programmers",10
"womens-empowerment",10
"womens-networking",10
"word-of-mouth-marketing",10
"xbox",10
"xboxhack",10
"xquery-xform",10
"akka",9
"alfresco",9
"asynchronous-programming",9
"book-publishing",9
"business",9
"career-network",9
"coders",9
"collective-intelligence",9
"content-search",9
"data-strategy",9
"decentralization",9
"design-thinking",9
"digital-asset-management",9
"digital-marketer",9
"document-management-systems",9
"econometrics",9
"enterprise-content-management-ecm",9
"ethical-hacking",9
"excercise",9
"graduate-students",9
"hackathons",9
"neurotechnology",9
"oracle-business-solutions",9
"publishers",9
"reactive-programming",9
"records-management",9
"sales-trading",9
"stem",9
"sun",9
"venture-capital-firms",9
"vets",9
"3d-visualization",8
"apache-lucene",8
"artificial-life",8
"aws",8
"aws-design-implementation-and-servicing",8
"career-coaching",8
"career-transition",8
"climate-change",8
"cto",8
"digital-journalism",8
"digital-storytelling",8
"edemocracy",8
"elearning",8
"evolution-strategy",8
"google-tag-manager",8
"government-transparency",8
"grassroots-campaigns",8
"hack",8
"hardware-hacking-and-reverse-engineering",8
"html-and-css",8
"inddesign",8
"innovations-in-software-testing",8
"interview-presentations-that-win-interviews",8
"metrowest",8
"mobile-advertising",8
"networking-for-job-seekers",8
"newcareer",8
"non-fiction-storytelling-spin-a-true-tale",8
"northwestern-university-alumni",8
"omniture",8
"online-retailers",8
"open-source-community",8
"qlik-sense",8
"resume-help-job-search-workshop-interview-help",8
"ruby-on-rails-3",8
"saas-business-challenges",8
"saas-marketing",8
"saas-operations-best-practices",8
"scala-programming",8
"software-qa-and-testing",8
"software-quality",8
"software-saas",8
"software-testing",8
"sports-and-socials",8
"sql-integration-services",8
"staffing",8
"sustainable-development",8
"systems-thinking",8
"test-automation",8
"test-automation-frameworks",8
"ui-design",8
"user-experience-research",8
"video",8
"volunteering-for-a-worthy-cause",8
"wearables",8
"weather",8
"web-analytics-wednesdays",8
"website-design",8
"all-things-telecom",7
"amazon-elastic-mapreduce-amazon-emr",7
"android",7
"apparel",7
"artificial-general-intelligence",7
"biostatistics",7
"clothing-and-fashion-designers",7
"cognition",7
"database-engineers",7
"e-commerce",7
"euro-games",7
"eurofootball",7
"fashion",7
"fashion-bloggers",7
"fashion-entrepreneurs-sharing-successful-secrets",7
"fashionista",7
"internet-e-business-startups",7
"iphone-app-marketing",7
"medical-technology",7
"models",7
"nfv",7
"public-health-statistics",7
"scifi",7
"soccer",7
"stylists",7
"telecommunications-industry",7
"using-amazon-elastic-mapreduce",7
"vmware",7
"weka",7
"wireless-communications",7
"advertising-agency-community",6
"audio-signal-processing",6
"azure-stream-analytics",6
"compliance",6
"converged-infrastructure",6
"cortana-analytics",6
"datomic",6
"demand-generation",6
"digital-currency",6
"digital-intelligence",6
"drip-marketing",6
"eloqua",6
"exacttarget",6
"fiction",6
"hortonworks",6
"hubspot-users-group",6
"image-processing",6
"international-politics",6
"intlrel",6
"lead-nurturing",6
"literature",6
"marketo",6
"medical",6
"medicine",6
"microservices",6
"novel-reading",6
"pay-per-click",6
"powerbi",6
"qa-professionals",6
"russian-culture",6
"sales-force-automation",6
"sales-professionals",6
"sales-training",6
"smallbiz",6
"social-media-data-mining",6
"solar-energy",6
"sql-server-data-mining",6
"technology-innovation",6
"web-security",6
"web-television",6
"academic-papers",5
"accountancy-finance-recruitment",5
"applied-math",5
"cashflow",5
"china",5
"columbia-university",5
"creative",5
"declarative-programming",5
"design-research",5
"digital-music",5
"financial-planning",5
"full-stack-development",5
"games",5
"gettingthingsdone",5
"hackerspace",5
"hcm",5
"human-resource-consultants",5
"ibm-watson",5
"life-long-learning",5
"monte-carlo-simulation",5
"multimedia-art",5
"museum",5
"operating-systems",5
"probabalistic-graphical-models",5
"probabilistic-graphical-models",5
"probability-theory",5
"programmers",5
"programming-language-theory",5
"public-talks-lectures-debates-discussions",5
"reactjs",5
"recruitment",5
"robot-art-sculpture",5
"sas-software",5
"software-product-management",5
"systems-biology",5
"udacity",5
"unix",5
"web-development-and-software-development",5
"web-mobile-development",5
"agile-programming",4
"asset-performance-management",4
"babok",4
"big-data-security",4
"business-analysis-tools-and-techniques",4
"business-objects",4
"business-trends-opportunites-in-china",4
"cbap",4
"certified-business-analysis-professional",4
"chief-executive-office",4
"chief-technology-officer",4
"chinese-culture",4
"clinical-informatics",4
"cloud-architecture",4
"consciousness",4
"cosmology",4
"data-security",4
"day-to-day-living-with-type-1-diabetes",4
"doing-business-with-china",4
"entarchitecture",4
"epistemology",4
"ge-digital",4
"green-entrepreneurs",4
"hadoop-on-azure",4
"high-tech-ventures",4
"iiba",4
"immigration",4
"international-business",4
"international-students",4
"internet-of-things-iot-device-management",4
"living-well-with-type-1-diabetes",4
"machine-to-machine",4
"marketing-operations",4
"meet-people-on-working-visa-status",4
"metaphysics",4
"microsoft-azure",4
"mit-alumni",4
"mobile-security",4
"mobile-web",4
"movement",4
"national-politics",4
"networking-with-us-china-business-professionals",4
"new-immigrants",4
"occupy-wall-street",4
"organic-chemistry",4
"personalisation",4
"predix",4
"sales-management",4
"sales-strategies",4
"sap-business-intelligence",4
"stock-market",4
"support-for-people-with-diabetes",4
"systems-analysis",4
"tensorflow",4
"theoretical-physics",4
"type-1-diabetes",4
"type-1-diabetic-adults",4
"type-i-diabetes",4
"unemployed-immigrant",4
"user-interface-design",4
"visas",4
"we-are-the-99-percent",4
"windows-azure-platform",4
"work-travel",4
"asian-entrepreneurs",3
"asianpros",3
"ebizowners",3
"entreprenuers",3
"football",3
"futurists",3
"google-technology-user-group",3
"hackers",3
"increase-revenue",3
"indo",3
"ios-game-development",3
"jaspersoft",3
"korea",3
"linux-user-group",3
"online-learning",3
"philippines",3
"startups-in-china",3
"thailand",3
"the-cloud",3
"videogame",3
"vietnam",3
"advanced-manufacturing-engineering",2
"advertising-and-pr",2
"alternative-medicine",2
"android-app-marketing",2
"apex",2
"b2b-networking",2
"best-practices-for-high-performance-ecommerce",2
"bike",2
"biotechnology-industry-organization",2
"brooklyn",2
"cloud-to-cloud-itegration",2
"coaching-agile-teams",2
"computers-and-software",2
"content-marketing",2
"crowdfunding",2
"deep-reinforcement-learning",2
"eating-drinking-talking-laughing-etc",2
"erp-cloud",2
"experimental",2
"fashion-and-style",2
"flow",2
"fundraising-professionals",2
"health-nutrition",2
"html",2
"informatica",2
"kaizen",2
"kanban",2
"knime",2
"kubernetes",2
"lean-it",2
"lean-manufacturing",2
"lean-project-management",2
"lean-ux",2
"machine-data",2
"man-machine-interface",2
"marketing-and-sales",2
"marketing-innovation",2
"microsoft-office",2
"mobile-design",2
"mobile-solutions",2
"monetization",2
"music",2
"music-composition",2
"music-technology",2
"networking-withing-advertising-and-marketing",2
"new-york-city-night-life",2
"nutrition",2
"ny-java-developers",2
"prospect-research",2
"publicrelations",2
"quality-engineering",2
"red-hat-jboss-middleware",2
"research-for-fundraising",2
"sales-and-marketing",2
"scaling-agile",2
"selenium-software",2
"semantic-search",2
"smart-city",2
"smart-grid",2
"smart-home",2
"speech-recognition",2
"sql-azure",2
"ssas",2
"ssis",2
"start-up",2
"startup-marketing",2
"strategic-planning-for-fundraising",2
"supervised-learning",2
"thought-leadership",2
"angel-investing",1
"business-strategies-and-networking",1
"cloud-native",1
"coursera-org",1
"criminal-justice",1
"cybersecurity-innovation",1
"data-art",1
"disabilityrts",1
"early-stage-investing",1
"emotional-intelligence",1
"health-and-technology",1
"high-tech",1
"human-resource-management",1
"humanities",1
"intelligent-conversation",1
"ios-platform",1
"journal-club",1
"local-news",1
"moocs",1
"natural-science",1
"news",1
"nyc-tech-startup-networking",1
"professional-bussiness-networking",1
"raising-capital",1
"reading",1
"revenue",1
"scm",1
"silicon-alley",1
"smart-property",1
"social-media-management",1
"startup-financing",1
"statistical-science",1
"storage-virtualization",1
"story-telling",1
"successful-startup-founders",1
"ted",1
"viral-marketing",1
"visual-arts",1
"young-entrepreneur",1
